Student ID,Group 01,Group 02,Group 03,Group 04,Group 05,Group 06,Group 07,Group 08,Group 09,Group 10,Group 11,Group 12,Group 13,Group 14,Group 15,Group 16,Group 17,Group 18,Group 19,Group 20
Seried ID,A3349338X,A3349556W,A3349799R,A3349639C,A3349348C,A3349442X,A3349773T,A3349860R,A3349775W,A3349605F,A3349456L,A3349822A,A3349360V,A3349916R,A3349849A,A3349671C,A3349371A,A3349910A,A3349661X,A3349909T
Sector,Turnover ;  New South Wales ;  Other specialised food retailing ;,Turnover ;  New South Wales ;  Newspaper and book retailing ;,Turnover ;  Victoria ;  Other specialised food retailing ;,Turnover ;  Victoria ;  Newspaper and book retailing ;,Turnover ;  Queensland ;  Newspaper and book retailing ;,Turnover ;  Tasmania ;  Newspaper and book retailing ;,Turnover ;  Australian Capital Territory ;  Newspaper and book retailing ;,Turnover ;  Total (State) ;  Newspaper and book retailing ;,"Turnover ;  Australian Capital Territory ;  Pharmaceutical, cosmetic and toiletry goods retailing ;",Turnover ;  Australian Capital Territory ;  Other specialised food retailing ;,"Turnover ;  Australian Capital Territory ;  Furniture, floor coverings, houseware and textile goods retailing ;",Turnover ;  Western Australia ;  Newspaper and book retailing ;,Turnover ;  South Australia ;  Clothing retailing ;,"Turnover ;  Tasmania ;  Furniture, floor coverings, houseware and textile goods retailing ;","Turnover ;  Australian Capital Territory ;  Cafes, restaurants and catering services ;","Turnover ;  Tasmania ;  Pharmaceutical, cosmetic and toiletry goods retailing ;",Turnover ;  Tasmania ;  Clothing retailing ;,"Turnover ;  Western Australia ;  Cafes, restaurants and catering services ;","Turnover ;  Western Australia ;  Furniture, floor coverings, houseware and textile goods retailing ;","Turnover ;  Western Australia ;  Hardware, building and garden supplies retailing ;"
Unit,$ Millions,$ Millions,$ Millions,$ Millions,$ Millions,$ Millions,$ Millions,$ Millions,$ Millions,$ Millions,$ Millions,$ Millions,$ Millions,$ Millions,$ Millions,$ Millions,$ Millions,$ Millions,$ Millions,$ Millions
1982 Apr,63.9,50.4,34.9,42.2,18.4,2.9,2.3,135.1,2.5,1.6,2.7,9.7,19.1,6.1,4.4,4,6.7,8,19.2,8.6
1982 May,64,49.9,34.6,42.1,17.7,2.9,2.5,134.9,2.5,1.6,3,11,21.6,6.3,3.4,4,7.4,8,21.9,8.2
1982 Jun,62.7,48,34.6,38.5,17.7,2.9,2.3,128.2,2.5,1.7,2.5,10.7,18.3,6.4,3.6,3.9,6.7,7.3,19.9,7.9
1982 Jul,65.6,48.6,35.2,38.9,18.4,3.1,2.6,129.9,2.6,1.6,2.8,9,18.6,5.9,4,4.4,7.1,7.8,19.3,8.7
1982 Aug,62.6,51.3,33.8,39.5,17.8,3.1,2.6,133,2.8,1.6,2.8,9.1,17.1,5.7,3.6,4.2,5.8,7.6,19.6,7.9
1982 Sep,64.4,49.6,35.4,41.7,18.8,3.2,2.6,135.5,2.8,1.8,2.6,10,18.2,5.3,4.2,4,5.8,8.2,19.9,8.7
1982 Oct,66,51.6,38,46.2,20.2,2.9,2.7,140.6,2.6,1.7,3.7,7.7,20.7,5.5,4.8,4.2,5.3,9.3,18,10.2
1982 Nov,65.3,55.8,38.2,43.5,21.5,3.1,3,145.7,3.1,1.7,3.9,8.4,23.6,6,5.4,4.7,7.1,9.6,19,13.2
1982 Dec,77.9,69.9,43.9,57.2,30.9,4.6,4.9,194,3.9,1.9,4.2,11.8,33.4,7.7,6.9,5.8,11.1,13.4,23,26.6
1983 Jan,65.1,50.1,36,43.7,22.8,2.9,2.5,138.6,2.5,1.6,3,7.4,20,4.7,3.8,3.9,5.3,8,16.6,9.6
1983 Feb,62.3,64.7,35.4,44.3,20.2,3.2,3,152.8,2.5,1.6,3.3,7.4,17.3,5,4.2,3.8,5.6,7.9,16.7,9.6
1983 Mar,65.7,63.1,39.1,48.3,20.9,3.5,3.1,157.3,2.6,1.8,3.6,7.3,23.5,6,4,4.2,6.5,8.7,18,10.1
1983 Apr,61.9,51.1,35.6,37,18.3,3.1,2.6,131.2,2.2,1.7,3.4,7.4,23.3,5.6,4.4,3.9,6.9,8.8,16.4,10.1
1983 May,63.7,54.8,36.4,40.1,20.2,3.1,2.8,142,2.3,1.8,3.7,8.3,24.5,6.2,4.3,3.9,7,9.1,19.6,11.1
1983 Jun,64.9,52.3,34.2,38.2,19.8,2.9,2.8,136,2.2,2,3.4,7.2,22.4,6.4,4.3,4.2,6.7,8.6,18.4,11
1983 Jul,69.5,57.7,36.2,39,20.8,2.9,3,141,2.3,2.1,3.8,7.6,24,5.9,4.6,4,6,8.9,18.4,9.7
1983 Aug,67.9,61.5,37.1,47.1,21.2,2.9,3.2,155.8,2.5,1.8,3.8,8.9,23,6.4,4.9,4,6.5,9.2,19.4,11
1983 Sep,67.5,61,37.4,46.1,20.5,2.9,3.2,152.4,2.3,2.1,3.8,7.6,24.4,6.4,4.5,4.2,6,9.8,19.6,12.1
1983 Oct,66,56.9,37,46.9,21.1,3.2,3.1,149.9,2.3,2.4,3.4,8.5,22.5,6.3,5.5,4,6.4,10.1,17.8,12.8
1983 Nov,67.2,59.3,38.4,48.9,23.3,3.4,3.3,158.3,2.8,2.4,4,9.2,24.6,7.2,6.7,4,7,10.8,18.8,15.5
1983 Dec,78.4,70.2,44.3,64.8,29.9,4.8,4.9,202.9,3.5,2.4,4.4,13.5,34.7,8.9,9.6,5.7,11.4,15.7,22.4,25.2
1984 Jan,69.2,54.1,35.7,45.9,25.1,3.4,2.8,151.7,2.1,1.9,3.5,10.3,18.8,5.9,3.8,3.9,5.8,9.1,19.7,14.6
1984 Feb,68.2,72.3,36,48.4,23.2,3.5,2.9,171.8,2,2,3.5,10.7,18.8,6.6,3.8,3.9,5.9,9.3,20.1,15.4
1984 Mar,70.7,61,37.4,49.1,23.4,3.6,3.1,162.7,2.2,2.1,4.2,10.7,22.6,7.5,4.4,4,7.1,9.7,20.9,15.6
1984 Apr,67.4,53,36.7,49.5,21.4,3.3,2.9,149.6,2,1.8,3.5,9.8,22.5,6.8,3.8,3.7,7.5,9.4,16.2,15.3
1984 May,71,59.3,38.4,54.9,23.1,4,3.1,166.3,2.1,2.2,3.8,11.2,25.6,8.4,3.9,4.4,8.6,10.3,21,17.4
1984 Jun,67.9,54.8,35,48.7,22,3.5,2.8,152.7,2.1,2.2,3.8,10.1,22.1,7.7,4.1,3.9,7.6,8.8,18.8,16
1984 Jul,67.4,57.3,35.3,48.4,25.9,3.5,2.9,159.8,2.2,2.1,4.1,10.7,22.4,7.6,4.3,3.9,8.2,10.6,17.5,17.8
1984 Aug,70.7,58.7,36,51.1,27.5,3.7,3,166.9,2.3,2.3,3.9,11.6,22.6,8,4.8,4.2,7.8,11.1,19.4,18.4
1984 Sep,68.1,53.9,34.6,50.3,27.1,3.2,3,159.4,2.3,2.3,4.5,10.9,20,7.4,5,3.8,7,10.5,18.3,21.2
1984 Oct,73.5,64.2,35.7,55.6,29.5,4,2.7,178.9,2.6,2.2,5.3,12.4,24.6,8.6,5.3,4.2,8.2,11.4,22.8,21.6
1984 Nov,75.2,68.4,37.8,60.7,28.6,4,3.2,188.6,3,2.2,5.5,12.7,25.9,9.3,5.6,4.6,9.2,12.2,22.4,22.3
1984 Dec,81.9,79.9,41.5,73.8,33.6,5.9,4,223.8,3.1,2.3,4.8,15.6,32.7,10.2,6.8,5.2,12.5,17,23.5,40.4
1985 Jan,74.7,63.2,38.1,53.2,28.6,4,2.4,174.6,2.7,2,4,12.4,21.2,7.3,4.6,4.6,7.8,11.4,20.6,17
1985 Feb,68.7,66.4,37.5,60.3,24.5,4,2.4,179.7,2.6,1.9,3.9,11.4,19.8,7.7,4.3,4.4,7.5,10.8,18.5,15.8
1985 Mar,72.9,65,38.8,52.7,25.9,4,2.8,173.2,2.6,2,4.3,11.6,23.3,7.8,4.3,4.1,8.3,11.3,21.4,15.9
1985 Apr,73.1,62.8,40.3,47.3,24.1,4,2.3,162.4,3,2,4.5,11.3,24,7.4,6,3.8,8.1,12.3,21.1,14.1
1985 May,78.3,66,41.9,51.9,26.9,4.3,2.7,176.8,3.2,2,5.1,12.6,26.8,8.7,5.8,4.7,9.3,13.5,27.2,16.7
1985 Jun,73.2,57.5,38.4,43.9,24.8,3.8,2.4,155.4,3.2,1.9,4.6,10.8,23.3,7.6,5.9,3.9,8.7,12,22.2,14.1
1985 Jul,78.8,64.6,41.7,50.7,26.5,3.3,2.6,173.1,3.7,2.2,4.8,12.7,24.6,7.6,6.4,3.7,8.2,13.3,25,16.8
1985 Aug,80.7,67.5,44.3,52,26.8,3.3,2.6,178.4,3.7,2.2,5,13.2,23.6,7.4,7,3.9,7,13.4,26.5,17.9
1985 Sep,77.5,62.4,42.7,52.1,25.6,3.4,2.7,169.8,3.5,2.2,5.1,11.6,23,7.7,6.7,3.9,7.1,13.8,24.1,18.2
1985 Oct,86,66.2,46.8,50.6,25.6,3.3,2.7,173.6,3.5,2.1,4.9,11.6,24.8,7.4,6.7,4.1,7.4,15.2,29.3,18.5
1985 Nov,87.4,70,47.6,54,26.8,3.5,2.8,183.5,3.5,2.1,5.4,12.6,27.4,8.1,6.8,4.3,8.5,15.9,28.2,19.5
1985 Dec,98.2,85,50.9,71.1,32.3,5.2,3.4,229.6,4,2.1,5.8,17.2,36.4,9.4,7.6,5.5,12.9,20.6,29.6,33.6
1986 Jan,85.4,65.4,46.4,58.4,32.1,3.8,2.6,187.6,3.2,2.1,4,12.9,22.5,6.4,7.9,4.3,7,14.3,28,13.1
1986 Feb,76.5,70.2,44.1,61.1,28.3,4.1,2.8,192.4,3,2,4.4,13,20,6.5,6.1,3.8,7.5,13.3,25.8,13.4
1986 Mar,83.7,64.2,45.7,52.8,26.4,4.1,3.6,175.7,2.7,2.1,4.2,12.3,20.2,6.2,9.3,3.6,7.7,14.1,28.4,13.5
1986 Apr,84.9,65.5,45.7,53.1,27.7,3.6,2.7,176.1,3.1,1.9,4.6,12.3,26.6,7.1,7,4.7,8.6,14.8,27.7,15
1986 May,91.9,68.3,47.3,56,29.7,4,2.7,186.2,3,1.9,5.5,12.9,28.6,8,7.5,4.9,9,16,29.7,16.4
1986 Jun,86.7,60.3,44.2,48,28.5,3.8,2.6,166.5,2.9,2,5.2,11.4,22.4,7.1,6.2,4.6,7.7,14.4,26.5,14
1986 Jul,90.5,69.6,47.7,49.1,29.1,4.4,3.3,182.6,3.1,2.3,5.5,13.3,22.4,7,9.8,5,8.1,14.3,29,15.5
1986 Aug,91.3,69.2,48.9,47.9,28.9,4.5,4.6,182.4,3.2,2.3,5.8,13.4,22.3,6.9,9.1,4.9,6.9,14.3,27.9,19
1986 Sep,89.6,70.2,48.1,48.5,30.1,4,3.3,182.7,3.1,2.3,5.8,13.2,22.9,7,9,5.4,7.5,15.4,28.7,18.5
1986 Oct,93,72.3,51.9,54.9,32.1,4.2,3,193.6,3.3,2.5,6.3,14.6,24.9,7,9.2,5.5,7.8,16.3,31.1,22.9
1986 Nov,92.3,73.3,51.2,55.5,32,4.2,3.2,195.4,3.2,2.3,6.3,14.9,25.5,7.2,9,4.8,8.2,16.2,29.6,26.5
1986 Dec,107.4,98.7,57.5,77.8,43.3,6.6,3.4,264.7,4,2.7,7.1,21,36.2,9.1,11.1,6.7,13.2,21.9,34.1,43.8
1987 Jan,91.2,65,51.9,58.9,39.9,4.4,2.8,197.8,2.9,2.1,5.1,16.5,20.9,6.1,8.2,5.5,7.7,16.7,25.6,18.3
1987 Feb,87,78.5,49.1,56.3,32.4,5.9,3.1,204.5,2.9,2.4,4.7,17,18.3,6.5,7.9,4.9,7.8,15.3,24.2,19.6
1987 Mar,88.9,75.9,50.5,53.7,32.7,5.3,4.7,201.1,3.2,2.2,5.8,16.5,23.6,6.7,9,5.4,8.4,16,24.8,17
1987 Apr,91.4,74.2,52.5,54.3,33.1,5.1,4.1,201.1,3,2.4,5.3,17.7,24.8,7,9.3,5.6,9.1,16.6,25.2,18.8
1987 May,93.2,76.7,53.8,55.7,34.3,5.1,3.9,207.8,3.2,2.5,5.7,19.3,25.5,7.8,9,5.8,9.3,16.2,30.5,20
1987 Jun,91.3,73.4,52.5,54.2,32.7,4.6,4.1,199.4,3,2.5,5.9,17.8,23.4,7.5,8.9,5.7,9.4,15.4,30,17.2
1987 Jul,98.5,85.1,53.7,56.1,35.3,5.5,4.4,217.1,3.3,2.8,6.6,17.6,25.3,7.3,8.7,6.4,9.8,17.1,34.4,18.5
1987 Aug,97.4,82.3,52.3,55.6,34.9,5.3,4.4,214.5,3.3,2.6,6,18.4,22.7,6.9,8.6,6.4,7.6,16.2,33.3,19.4
1987 Sep,97.3,80.3,52.4,55.7,36.4,5.4,4.8,214.1,3.3,2.8,6.1,18,24.9,6.8,9.1,5.8,8.2,18.1,29.4,20.6
1987 Oct,99.8,80,55.2,55.4,33.5,5.7,4.9,210.5,3.3,2.5,6.3,18.6,24.4,7.8,10.8,6.4,8.7,19.9,30.6,24.1
1987 Nov,96.9,78.4,53.1,54.9,36.3,5.7,4.7,209.4,3.3,2.6,6.6,16.7,24.7,7.8,9.4,6.1,9.2,20.3,30.7,23.1
1987 Dec,111.3,98.9,62.9,76,51.1,8.3,7.3,282.2,3.6,2.9,7,25.1,35.6,10.6,12.6,8.8,14.7,27.5,34.4,47.5
1988 Jan,100.1,71.8,50.9,54.6,37.9,5.5,3.7,197.7,2.7,2.5,5.1,13.9,18.7,6.1,8.6,5.7,7.4,17.9,26.3,19.5
1988 Feb,95,88.2,51.9,52.2,37,5.6,4.8,215.9,2.7,2.4,5.9,15.5,20.7,7.9,8.7,5.7,9.9,16.3,24.8,20.1
1988 Mar,101.4,89,56.1,54.2,35.8,6.2,6.7,222,3.2,2.5,6.6,16.2,24.3,8.2,9.5,6.5,8.8,18.5,26.3,22.1
1988 Apr,96.2,73,56,48.8,31.8,5.5,5.1,189.7,3.1,2.5,5.9,14.3,23.9,7.3,9.6,5.8,8.6,18.8,27,23.6
1988 May,97.8,80.3,54.7,52.6,36.7,5.6,5.6,210.6,3.3,2.6,6.9,17.3,26.1,8.4,9,6.5,9.5,18.5,32,20.9
1988 Jun,91.3,75.3,56,49.2,34.7,5.8,5,198.9,3.3,2.5,6.9,16.2,25.2,8.1,10.2,6.5,9.2,17.1,31.8,17.6
1988 Jul,94.6,74.2,54,46.8,39.1,5.4,4.9,198.6,3.2,2.7,6.4,15,24.7,7.9,10.3,6.7,8.8,16.2,33.1,19.2
1988 Aug,95.4,76.7,57,51.3,44.8,5.8,5.3,213.7,3.3,2.7,7.4,16.2,23.3,7.4,11.7,6.5,9.5,15.7,33.5,18
1988 Sep,98.3,75.7,57.8,46.3,39.8,6.2,4.9,200.6,3.7,2.6,6,14.3,27.6,8.8,11.4,6.5,9.3,18,33.3,18.6
1988 Oct,101.4,80.5,57.9,47.6,39.6,5.7,4.9,206.9,3.7,2.6,6.3,14.6,26.5,8.4,11,6.4,9,18.5,35.8,22.5
1988 Nov,100.7,90.4,59.4,53.7,40.2,6.2,5.5,226.5,3.9,2.5,7.2,15.7,25.4,9.2,11.5,6.7,10.7,20,37.7,25.2
1988 Dec,120.3,100.1,64.9,66.8,60,8.1,7.3,281.6,4.3,2.9,8.4,20.9,38.2,11.4,11.5,8.3,15.6,25.3,38.5,35.3
1989 Jan,106.2,80.5,54.9,55.5,52.1,5.3,4.5,231.1,3.6,2.5,6.1,20.4,28.1,7.4,9.5,6.4,9.1,24.6,33,21.7
1989 Feb,97.3,93.3,53.7,50.2,47,5.8,4.8,230.8,3.2,2.3,6.3,16.6,22.1,8.1,8.4,6.2,9.2,24.4,31.5,20.5
1989 Mar,105.4,90.6,59,55.8,50.7,6.1,5,237.4,3.6,2.6,6.3,15.2,25.2,8.1,9.1,6.6,9.4,29.8,28.1,21.9
1989 Apr,100.6,86.2,57.8,51.8,49.2,5.2,4.6,221.8,3.9,2.5,6.5,12.1,27.5,8.3,8,6.4,9.5,28,28.2,19.4
1989 May,103.9,92.2,60.4,56.6,51.7,5.6,5.2,239.1,4.3,2.5,6.8,14,28.9,9.4,9.3,6.8,10.5,25.1,30.4,20.5
1989 Jun,107.4,87.5,59.8,57,43.4,5.5,4,225.9,4.7,2.4,7.2,15.2,28.9,8.7,7.9,6.6,10.5,25.3,28.1,25.6
1989 Jul,106.9,90.1,56.1,56.1,43.9,5.3,4.1,228.5,4.8,2.7,6.1,15.1,28.1,8.5,8.9,6.9,8.8,28.8,28.2,27
1989 Aug,109.6,91.9,56.4,62.2,45.8,6.3,4.7,242.7,5.2,2.9,6.4,16.8,25.8,8.8,8.9,7.4,9.4,28.2,28.2,27.2
1989 Sep,108.8,90.4,55.8,60.6,43.1,6.2,4.5,234.5,4.8,2.8,5.9,15.9,28.9,8.7,8.1,6.4,9.9,35.5,28.8,27.8
1989 Oct,110.6,90.3,59.6,61.1,43.8,6.3,4.3,235.3,4.8,2.7,6.8,16.4,30,8.6,7.8,6.9,10,34.8,28.7,30.3
1989 Nov,113.8,90.1,59.9,63.7,44.4,7,4.3,240.8,5,2.8,6.7,17.3,30.6,9.7,8.3,7.2,11.1,35.3,29.8,36.1
1989 Dec,134.4,95.2,74.1,89.3,50.6,10.7,5.8,290.7,5.4,3.1,9.3,19,39.7,10.5,8.9,7.7,15.2,49.1,33.1,37.9
1990 Jan,121.4,80.4,64.2,76.1,45.9,7.6,4.1,245.7,4.1,2.7,7.4,16.5,29.4,8,8.3,6.7,9.5,36.2,28.9,23.5
1990 Feb,114.6,93.3,58.9,69.9,44,9,5.2,253,3.9,2.6,7,17.2,23.3,8.2,8,5.8,9.1,29.9,27.4,21.4
1990 Mar,123.5,99.5,66,57.4,40.1,9.6,5.1,245.8,4.5,2.8,7.6,17.2,28.6,8.8,9.3,7,11.1,34.7,28.9,24.7
1990 Apr,118.8,84.2,61.5,50.4,39.6,8.2,4.2,219.8,3.7,2.7,9,19,30.8,8.3,8.9,6.4,10.9,35,26.5,22.5
1990 May,123.6,93.7,63,58.4,43.7,9,4.6,243.4,4,2.8,9,17.8,32.8,9.8,9.4,7.1,12.2,34.6,29.6,23.3
1990 Jun,127.5,83.9,63.5,53.2,42.6,8.9,4.6,228.3,3.8,2.7,10.2,19.5,31.3,9,9.6,6.9,11.7,37.9,27.9,26.5
1990 Jul,125.9,92.8,61.4,53.3,44.2,8.6,4.4,236.3,4,2.7,9.1,16.6,32.2,9,10.3,7.6,10.6,36.7,29.4,26.4
1990 Aug,130.1,103.3,63.5,56.3,45.4,9.5,5,255.1,4.1,2.7,9.6,18.5,28.6,9.9,9.8,7.9,10.7,36.6,26.6,27.2
1990 Sep,116.9,86.6,60,50.5,42.2,8.5,4.2,224,4.1,2.7,9.1,17.3,28,8.4,12.3,7.6,9.5,40.3,27.4,29.5
1990 Oct,123.3,86.8,62.2,50.8,45.7,9.3,4.9,229.2,4.5,2.8,9.6,16.5,30.1,9.3,11.1,8.3,10.6,40.4,30.3,31.3
1990 Nov,125.3,87.9,62.4,53.3,43.3,9.8,5.2,234.4,4.6,2.8,9.8,17.3,29.9,9.7,11.7,8.9,11,42.2,30.9,33.7
1990 Dec,136.5,93.5,71.4,71.9,50.2,11.8,6.2,276.8,4.6,3.1,10.2,21.9,36.8,10.9,11.2,8.2,13.4,49.4,30.6,52.2
1991 Jan,121.5,74.8,64.1,62.5,42.7,7.8,4.2,221.3,3.9,2.9,8.6,15.2,29.5,8,9.7,7.5,9.7,42.2,26.2,25.6
1991 Feb,112.3,89.6,57.5,54.1,42.3,8.4,4.5,229.6,4,2.9,8.2,16.4,23.5,8.2,11.1,6.5,11.3,38.4,25.7,25.6
1991 Mar,121.6,95.1,61.6,52,43.3,8.6,5.3,238.9,5.4,3.4,9.3,18,30.1,8.5,9.8,7.4,10.5,40.9,25.5,24.9
1991 Apr,120.2,81.7,60.6,46.8,42.3,7.5,4.4,210.6,4.9,3.2,10,14.2,35.1,8.6,10,7,10.9,42.6,27.6,23.8
1991 May,124.1,91.6,63.8,55.2,45.9,8.7,4.5,238,5.3,3.3,10.1,16.5,33.4,9.1,10.5,8,11.4,42.2,29.4,22.7
1991 Jun,120.1,92.6,59.7,48.4,42.4,7.5,4.4,223.2,4.6,3.2,9.2,14.2,27.3,8.9,10,7.1,11.6,39.9,30,24.6
1991 Jul,124.5,103.6,61.6,54.1,42.8,9.2,4.6,242.2,5,3.4,9.1,14.1,31.6,9.9,10.5,8.1,13.2,44.2,33,24.8
1991 Aug,130.2,98.9,61.5,51.2,43.1,9.2,5,235.4,4.9,3.6,9.6,13.5,25.6,9.6,11.2,7.8,11,44.1,31.3,28.9
1991 Sep,119.1,98.7,60.5,43.2,46.2,9.5,4.7,230.4,4.6,3.2,10,14.2,23.6,8.4,12.2,7.9,8.8,47.3,31.7,36.7
1991 Oct,127.7,91.3,65.6,49.7,48.8,10.1,4.7,232.2,4.9,3.4,10.8,13.5,26.2,9.3,14.9,9.2,9.9,49.2,38.2,45.1
1991 Nov,127,103.1,64.2,48.5,46.8,10.6,4.9,243.4,5,3.5,9.8,15.1,25.6,9.9,14.9,9.2,11.6,51.5,39.2,51.2
1991 Dec,141.8,112,75.4,66.9,60.9,15.4,7.1,297.9,5.6,3.5,10.7,18.2,29.7,11.8,14,12.4,17.7,59.5,35.6,48.6
1992 Jan,133.5,90.2,63.4,56.9,52,10.6,4.8,241.4,3.8,3,10.1,13.1,20.2,9.1,10.5,9.6,11.4,48.9,31.3,37.7
1992 Feb,125.9,96.3,60.8,49.9,50.4,11.6,5.3,239.4,3.2,3,9.1,11.7,18.9,8.4,9.9,7.6,10.1,44.8,30.8,38.1
1992 Mar,135.1,103.4,65.1,50.1,50.6,11.3,6.2,251,3.7,3.3,9.9,13.6,22.9,8.9,12.8,8.8,10.4,47.2,32.6,44.7
1992 Apr,135.1,98.7,65.8,46.1,46.3,11,4.6,235.2,3.6,3.1,10.2,14.6,24.2,9.7,12.1,9.2,12.7,49.2,32.5,41
1992 May,137.7,95.8,67.1,50.8,48.2,12.2,5,238.6,4,3.2,11,11.8,26.1,9.5,12.9,9.1,11.9,47.5,33.3,41.9
1992 Jun,129.5,89.3,60.1,43.9,44.1,10.1,5.1,219.1,3.6,3.2,10.5,13.2,23.8,9.3,13,8.7,11.7,42.5,36.3,41.1
1992 Jul,134.2,101.4,63.2,48.1,48.1,11.4,5.6,243.6,3.7,3.3,11.5,13.5,24.7,10.3,12.1,9.1,11.3,46.6,37.9,41.9
1992 Aug,134.9,100.3,60.9,45,47.1,10.7,5.4,237.1,4,3.4,11.4,13.1,22.6,9.1,12.3,9.3,9.5,47.1,36.5,42
1992 Sep,132.7,90.2,61,48,44.7,10.2,5.9,229.5,4.3,3.5,11.7,17.1,21.7,8.9,12.7,6.6,9.7,52.5,34.2,48.9
1992 Oct,138.3,88.8,63.9,47.8,41.6,10.6,5.3,225.9,4.4,3.7,11,18.6,24.2,9.7,13.5,7.2,10.4,61.2,41.2,57.8
1992 Nov,134.9,91.8,62.5,49.4,45.4,10.9,5.6,235.2,4.8,3.7,11.4,18.8,22.9,10.1,13.1,7.2,11,55.5,38.7,54.9
1992 Dec,153.8,114.8,76.3,70,60.8,17.4,8.4,314.8,6.3,4.1,13.1,22.6,30.3,12.8,14.3,9,17.9,65.2,42.6,64
1993 Jan,130.4,89.6,65.6,52.5,44.4,11.4,4.7,232.6,4.3,3.7,9.5,16.9,20.6,10,10.8,6.5,10.8,55.1,37.4,47.5
1993 Feb,122,92.5,59.8,52.8,44.5,13.4,5.7,240.9,4,3.6,9.7,19.4,17.6,9,11.4,5.7,10,52.3,32.6,45.6
1993 Mar,125.9,114.3,62.5,55.1,45.8,11.7,6.7,270.9,4.8,3.9,10.7,19.9,20.6,9.1,12.4,7.4,9.5,59.5,38.3,48.8
1993 Apr,130.6,97.9,63,50.4,42.4,13.1,5.6,242.1,5.2,3.9,9.1,17.6,20.7,9.2,11.1,8.2,10.4,59.5,36.6,49.9
1993 May,128.5,105.7,61.9,52.2,45.4,11.5,6,255.6,5.4,3.8,9.9,18.9,23,9.3,11.3,8.3,9.9,61.3,38,49
1993 Jun,126.2,86,59.3,46.5,47.3,9.5,6.6,232.1,5.2,3.7,10.7,19.4,23.7,9.5,9.5,6.8,14.6,53.2,39.1,51
1993 Jul,133.9,83.5,63.1,51.3,50.9,11.2,7.4,243.8,5.4,4,10.1,19.7,23.2,9.9,12.6,7.7,10.3,56,41.6,52.9
1993 Aug,127.6,76.9,60.3,51.1,50.4,10.5,7.4,233.8,5.4,3.8,9.5,19.4,21.3,9,12.7,7.8,9,56.2,38,54.7
1993 Sep,127.3,85.2,61.6,51.9,43.9,10.2,6.8,237.1,5.3,4,9.8,19.5,23.4,9.3,12,9.1,9.5,60.5,39.2,46.9
1993 Oct,134.3,85.1,63.1,52.8,41.5,11,7,234.3,5.2,4.2,10.7,18.1,24.1,10.1,16.4,9,10,61.7,39.8,59
1993 Nov,132.4,91.8,62.9,55.8,41.9,10.9,7.3,247.3,5.7,4.2,11.2,19.9,25.6,11,14.8,9.9,12.5,62.5,42.3,59.5
1993 Dec,156.4,92.5,79.6,76.9,66.8,14.8,10.8,313.2,7.7,5.1,11.9,27.6,33.9,12.9,20.3,13.7,15.2,75.1,45.6,74.4
1994 Jan,145.7,75.5,66.4,61,50.3,10.2,7,243,5,4,9.5,21.7,21.1,8.5,15.1,9.9,10,65.2,38.4,53.7
1994 Feb,131.7,83.8,64.2,57.1,51.4,11.7,7.7,251.3,4.5,3.9,9.6,21.2,18.9,9,14.4,8.5,9.8,61,38.5,53.9
1994 Mar,143.9,112.9,73.1,56,56.5,11.3,8.3,284.2,4,4.6,10.7,19.9,23.7,10.4,18,10.9,12,76.9,40,59.4
1994 Apr,137.1,90.7,60.6,52.7,47.7,10.2,6.9,241.9,3.6,4.6,9.8,17.3,28.4,11,15.4,10.5,13.8,64.4,40,53.3
1994 May,136.1,101,62.1,58.5,51.7,11.1,7.8,266.2,3.7,4.4,11.6,18.8,25.1,11.5,16.1,10.3,13.5,61.3,43.2,52.2
1994 Jun,127.8,102.5,60.7,58.4,51.1,10.9,7.5,267.1,3.9,4,9.8,19.5,24.3,12,15.8,10.3,11.2,58.4,42.2,51.5
1994 Jul,130.5,102.5,63.4,60.9,54.9,9.9,7.3,274.3,3.7,4.2,10.9,20.8,23.2,10.7,15.5,10.5,11.6,69.2,40.7,48.5
1994 Aug,135.7,92.8,62.4,65.4,55.2,10,7.1,270.3,3.6,4.2,12.9,21.5,23.6,11.3,16.8,10.3,11,65,39.3,49.2
1994 Sep,138.5,93.4,64.5,61.8,54.6,11.1,7,262.6,3.6,4.2,11.1,19.6,26.3,10.7,15.7,10.4,10.2,75.2,44,50.9
1994 Oct,153.9,88.7,71.4,67.6,56.1,9.3,6.3,265.5,3.8,4.5,14.3,21.7,26.9,10.7,15.7,9.7,10.1,70.6,48.7,49.9
1994 Nov,151.6,96.8,68,70.5,65,10.2,7,288.9,4,4.5,12.3,21.3,27.4,11,17,10.1,11.1,70.5,52,52.1
1994 Dec,179.2,101.7,85.9,94.1,84.2,12.6,9.7,354.4,4.6,5,14,27.5,42.2,12.3,18.6,12.9,16.6,78.7,54.3,62.2
1995 Jan,160.9,77.3,73.8,67.7,68.4,9,6.6,266.3,2.7,4.5,10.3,19.6,25.6,11,12.6,9,8.1,66.3,43.8,48
1995 Feb,157,77.1,66,65.7,61.6,9.7,7,256.7,3,4.7,10.7,17.1,22.5,10,14.7,8.2,8.5,57.6,40.9,45.1
1995 Mar,165.5,87.7,69.9,68.5,60.5,10.1,8.1,272.8,3.3,5.5,12.1,18.5,27.2,10.6,18.2,9.8,10.5,63.7,45,50.2
1995 Apr,164.4,69.9,71.4,63.7,54.5,8.3,7.9,239.8,3.6,5.4,10.6,18,30.9,10.1,15.9,8.5,12.3,61,40.7,49.6
1995 May,160.8,83.2,74.2,72.9,60.6,9.7,8,274.1,4.3,5.9,12,19.7,30.1,11.2,17.1,10.1,10.3,60.3,45.8,50.8
1995 Jun,156.9,75.5,71.2,71.2,58.6,9.2,7.7,259.2,4.3,5.6,10.9,18.1,27.4,12.1,15.2,9.9,10.3,57.1,46.8,51.4
1995 Jul,158.5,82.8,75.3,71.7,62.4,9.4,9.7,277.7,4.6,5.7,11.7,21.5,26.7,11,14.6,8.7,9.5,60.7,46.7,48.6
1995 Aug,169.3,88.1,76.5,72.7,59.9,10.2,8.6,282.9,4.7,6,11.7,22,28.5,10.6,14.6,9.2,10.3,61.2,50.7,52.7
1995 Sep,164.3,83.9,74.7,71.1,62.5,8.7,8.7,275.4,4.8,6.1,11.1,21.1,26.9,10.2,14.9,8.8,9.4,64.7,51.9,56.6
1995 Oct,184.2,88.6,76.9,68,56.1,8.7,7.9,269.9,5.3,5.4,11.7,20.8,29.9,12.5,16.5,9.4,9.8,72.4,58.1,62
1995 Nov,192,96,80.5,71,60.7,9.4,8.7,288.8,5.8,5.5,11.9,21,32.6,12.1,15,10.1,10.9,64,56.8,63.4
1995 Dec,219.4,106.2,93.6,98,77.3,11.1,10.3,358.2,6.7,6,13.9,27.1,47.5,13.1,15.3,13.3,15.2,72.2,64.8,80.7
1996 Jan,168,89.5,76,90.9,61.2,10.7,6.5,301,4.8,5.4,11,21.6,29.3,9.6,12,10,9.2,60.6,44,60.2
1996 Feb,166.6,90.2,77.3,74.5,53.6,10.9,7,277.8,4.6,5.5,9.2,20.9,24.6,9.8,12.9,9.3,8.6,57.6,42.3,54.3
1996 Mar,170.2,94.9,76.8,68.8,52.1,8.9,7.8,275.7,5.1,5.5,10,21.9,26.3,10.1,14.7,9.6,9.9,59.1,41,56.6
1996 Apr,163.3,85.7,82.2,63.2,48,7.5,6.3,254.1,5.7,5.9,10.3,24.2,26.3,8.7,13.7,9.4,10.8,60.1,43,56.4
1996 May,167.9,89.7,80,67.3,48.9,7.8,6.8,264.8,6.1,6.2,10.8,24.7,25.6,10.4,14.6,11.1,10.5,58.9,43.6,57.5
1996 Jun,174.3,86.8,75.9,63.5,48.7,7.3,6,253.8,5.8,5.9,10.9,23.4,24.8,11,13.6,10.5,9.5,56.4,40.5,52.1
1996 Jul,169.1,87.9,78.5,65.2,45.8,7.3,5.1,256.2,5.9,6.8,10.4,24.1,25,9.6,13.2,10.6,9.6,57,48.7,46
1996 Aug,173.1,96.7,79.7,67.5,43.9,7.5,5.4,265.3,6,7,10.9,23.7,20.7,10,13.9,11.2,9.5,59,54.7,51.2
1996 Sep,164.1,93.6,76.2,62.7,39.1,6.7,4.7,248.2,6,6.7,11.1,22.6,19.8,9.9,13.9,10.6,8.5,55.6,46.3,49.1
1996 Oct,178.5,92.3,78.6,70.4,39.1,7.1,4.5,256.7,6.6,6.6,11.4,22.6,20.5,14.9,15,11.6,9.5,56.8,57.9,54.3
1996 Nov,172.1,99.1,83.8,71.3,39,7.6,4.9,263.6,7,6.6,12.8,20.8,20.3,15.3,16,11.9,10.9,55.9,54.7,54.8
1996 Dec,188.8,118.9,96.5,104.5,47,10,9.7,338.9,7.9,7,13.6,23.4,29.8,17.8,15.1,14.6,16,65.3,53,68
1997 Jan,165.1,91,77.6,76.4,46.3,9.1,6.7,265.2,6.2,4.3,12,18.6,20.4,12.2,13.6,12.4,8.9,60.1,54.1,51.9
1997 Feb,149.5,93.2,70.1,67.3,40.9,9.7,6.1,250.8,5.9,4,11.3,17.7,15.5,12,13.5,11,7.5,56.4,48.5,46.2
1997 Mar,161,98.6,77,69.9,39.2,7.6,7.2,257.8,5.9,4.2,12,17.6,19.3,11.1,12.8,11.9,9.2,59.5,47.6,49.3
1997 Apr,165.3,92.8,79.8,73.2,41.8,8.4,6.5,260.4,6.4,4,11.1,20,25.2,13.7,13.6,13,9.5,68.7,56.3,49.5
1997 May,165.1,97.7,84,67.7,43.2,8.5,7.4,263.6,6.7,4.2,11.8,20.7,25.8,15.5,15,14.2,9.6,70.1,56.1,46.9
1997 Jun,161.4,90.1,77.1,64,40.9,8,6.8,247.7,6.6,3.9,12.5,19.9,23.1,15.5,13,12.8,8.4,67.6,56,43.7
1997 Jul,201.3,89,85.1,64.8,45.1,10.2,7.9,257.1,8.5,4.4,13.9,20.9,26.8,14,14.7,13.7,9.5,70.4,51.8,51.5
1997 Aug,201,91.1,83.3,67.4,46.4,9.5,7.4,262.1,8.2,4.3,12.9,20.6,22.1,12.8,12.4,13.7,8.6,71.4,48.6,54.6
1997 Sep,200.3,93.9,82.6,68,44,9.8,7.1,262.6,7.9,4,12.2,20.6,22.2,12.4,12.8,14.1,8.9,71.3,49.4,60.6
1997 Oct,207.4,91.4,90.2,72.5,45.6,9.6,6.7,265.6,8.5,4.8,13.2,21.4,26.3,13.7,14,14.6,9.5,67,57.9,66.7
1997 Nov,204.7,94.4,86.2,71.6,43.3,9.9,6.8,264.9,8.5,4.7,13.7,20.5,27.2,14.4,13.9,14.6,10.3,64.3,60.2,68.6
1997 Dec,240.8,118.3,103.2,103.2,50.9,13.7,10.2,345.6,10.6,5.5,16.7,27,36,19.1,13.2,17.1,16.2,74.7,60,83.9
1998 Jan,233.7,89.1,85,75,46.1,10.8,5.5,265.4,8,4.5,11.1,20,25.3,11.4,12.4,14.2,8.7,64,65.3,71.6
1998 Feb,207.8,89.3,81.9,67.6,41.4,11.2,5.9,252.1,7.8,4,11.4,18.9,19,11.4,12.5,13.2,8.2,56.9,53.5,63.2
1998 Mar,214,97.1,86.8,72.6,41.6,10.2,7.7,267.8,9,4.4,11.8,18.4,25.2,12,13.9,14.6,8.8,61.4,57.6,64.8
1998 Apr,218.9,86.4,86.8,61.7,46.2,9.7,5.8,246.2,9,4,9.6,19.5,30,12.5,13.7,13.4,10.4,61.8,59,67.5
1998 May,219.3,90.8,84.4,61.7,48.6,10,6.9,256.3,9.5,3.9,12,20.3,30.7,12.6,14.4,14.1,10.4,63.7,66.3,66.3
1998 Jun,212.4,89.4,84.6,59,48.8,9.2,7.1,251.6,9.3,3.9,10.6,19.2,28.7,12.8,13.8,13.5,9.6,58.5,68.6,61.8
1998 Jul,216.7,85.9,95.5,67.1,48.4,8.1,7.8,256,9.3,5.2,13.2,19.8,28.9,13,12.8,15.9,9.1,64.8,58.5,62.2
1998 Aug,211.9,83.3,89.9,69.1,47.8,8.1,7.2,253.4,9.3,4.6,11.9,19.1,25.7,12.7,13.4,15.3,8.2,66.4,55.1,65.5
1998 Sep,218.6,87.9,88.7,67.5,47.6,8.2,7.6,256.6,9.6,5.1,12.4,19.4,27,13.6,14.2,15,9.9,66.6,55.8,71.5
1998 Oct,223.4,80.3,94.5,71.8,51.8,8.6,7.7,260.7,10.1,4.5,12.4,21.5,29.6,14.9,16.3,16.1,9.2,77.7,67.9,77.7
1998 Nov,209.4,85.7,84.8,72.3,50.7,8.8,7.9,264.4,9.2,4.6,12,20.5,29.3,16.3,15.3,16.2,10.2,74.2,63.2,80.3
1998 Dec,247.8,102,109.9,98.5,60.4,11.7,10.9,333.2,10.8,5.4,12.8,26.2,41,18.7,17.2,18.8,15,85.5,71.5,98.4
1999 Jan,219.7,80,84.6,76.3,56.6,9.4,7.9,268.2,7.1,3.9,9.3,19.2,24.3,14.9,14,15.1,8.5,72.6,63.2,73.1
1999 Feb,206.9,83,80.7,67.6,51.1,10.4,9.2,260.3,7.1,4.2,9.1,20.4,20.8,16,13.8,14,7.9,63.6,58.1,66.2
1999 Mar,218.4,96.3,93.3,74.2,57.3,10.4,11.2,292.6,8,4.6,11.2,21.7,29.5,15.8,15.6,16.1,9.3,70.8,66.7,74.5
1999 Apr,226.4,83.9,100.1,71.1,50.7,9.5,11.3,262.8,7.4,4.6,11.4,17.9,33.1,14.9,15.3,15.5,10.4,70.1,57.4,70
1999 May,217,84.1,94,73.3,54.3,9.6,12.2,270.5,7.8,4.8,12,18.9,31.7,13.8,15.6,16.1,9.3,69.1,64.3,69.2
1999 Jun,215.4,84,92.7,72.4,49.9,9.3,11.1,263.2,8.1,4.7,11.9,18.4,31.9,15.9,14.3,16.3,9.2,64.5,62.9,69.2
1999 Jul,227.7,91.8,102.4,70,60.4,10.3,11.8,279.7,8.5,5.2,15.7,16.2,32.1,15.4,14.9,17.2,9.2,71.1,70.1,77
1999 Aug,223.5,89.4,98.5,68.1,59,9.4,11,271.2,8.4,5.3,13.1,15.4,28.2,15.2,14.9,17.1,8.2,69.8,62.6,78.5
1999 Sep,228.3,89.3,97.1,68.4,58.6,9.7,10.6,269.9,8.6,5.3,14.9,13.8,30.7,15.6,15,16.5,8.5,74,64,84.8
1999 Oct,230.6,82.2,98.2,67,61,9.8,12.1,270,8.8,5,20.7,18.7,32.1,15.3,14.8,15.8,7.8,76.5,75,94
1999 Nov,226,87.3,95.9,73.2,62.8,10.1,13.2,290.8,10.9,5,18,21.1,32.2,15.9,16.9,15.5,8.7,73.6,80.7,94.4
1999 Dec,284.5,108.2,126.4,100.2,74.7,12.8,17,369,12.3,6,20.5,24.2,46.9,18.6,15.2,19.3,13.7,81.9,80.3,116.3
2000 Jan,185.8,79.8,88.9,62,58.1,10.7,9.9,263.8,8.4,6.7,15.7,25.6,25.3,14.9,13.2,12,7.1,66.2,68.1,91.6
2000 Feb,183.1,84.8,88.2,55.9,64.5,11.4,10.7,271.7,8.1,6.5,16.3,25.4,21.1,14.3,13.5,11.9,6.7,66.8,68.2,83.6
2000 Mar,186.9,90.8,98.4,64,60.8,10.7,12.5,285.2,8.4,5.7,17.4,24.7,26.7,14.7,14.5,12.9,7.2,72.3,70.7,89.2
2000 Apr,176.9,81.2,85.2,52.7,49.2,9.4,11.2,244,7.3,6.2,15.9,23.7,27.5,15.3,15.2,12.2,7.4,64,54.7,88.8
2000 May,172.2,96.3,86.7,55.3,49,10,11.4,264.9,8.1,6.8,18.4,26.5,29.7,17.4,15,13.4,7.3,64.1,57.7,93
2000 Jun,176.8,84.2,85.3,55.5,47.8,9.8,11.5,251.2,7.6,7.7,24.3,25.6,33,22.3,17.1,12.9,8.1,67.4,77.6,99.1
2000 Jul,169.9,105.6,95.6,55.4,49.9,9.6,11.6,275.8,10.7,7.7,15.2,25.4,22.9,13.8,16.5,12.9,5.9,65.4,57.1,82
2000 Aug,171.9,99.2,98.3,57.5,48.2,10.1,12.2,272.5,11.3,7.7,15.5,26.3,23.7,15.8,16.6,14.1,5.9,69,57.2,90.1
2000 Sep,169.3,91.6,99.4,59,46.7,9.9,11.1,261.4,11.5,7.7,15.9,26.2,26.1,15.7,18.1,14.4,6.4,68.7,58.2,98.9
2000 Oct,153.4,93.4,91.3,57.6,55.5,9.9,11.2,268,12.7,7.2,17.5,22.9,25.8,14.9,19.5,14.2,7,74.5,60.7,109.7
2000 Nov,150.9,100.5,90.6,62.9,55.2,10.5,12.4,284.4,12.9,8,18.5,23.8,29.6,15.6,19.6,14.9,8.9,70.3,68.6,110.7
2000 Dec,174.9,111.8,115,86,65.7,13,15.2,346.3,17.1,8.9,19.2,30.6,41.6,18.3,19.7,18.3,13,77.9,71.3,133.7
2001 Jan,151,96.7,94.3,67.6,55.1,11.5,9.3,282.6,14.2,7.4,16.8,27.1,23.6,15,19.4,14.9,7.4,66.2,59.6,102.1
2001 Feb,142.9,102.3,89.2,59.3,50.1,11.7,10.5,274.6,13.8,7.9,14,24.6,19.9,14.4,18,14.5,6.7,63,49.7,87.9
2001 Mar,157.5,110.4,101.3,65.6,54.7,11.6,11.7,296,15.6,8.9,16.2,24.4,27.6,15.2,20.6,16.1,8.1,71.3,58.3,97.6
2001 Apr,179.2,88.3,106.7,58.9,44.4,8.5,8.2,250,14.7,9.1,15.1,26.6,27.3,15.3,23.5,12.7,9.7,59.1,55.9,94.1
2001 May,172.6,91.9,95.4,65.1,46.5,8.8,9,264.8,14.4,8.9,16.3,27.1,27.6,15.9,23.7,14,9.3,58.2,57.3,92.2
2001 Jun,173,92.2,95.6,64.1,42.5,8.4,8.7,261.1,14.1,9.3,16.6,29.1,28.2,16,23,12.7,8.8,59.2,65.4,89
2001 Jul,188.3,97,90.1,67.6,42.8,9.1,9.1,277,14.6,9.7,17.5,32.2,26.9,14.3,21.3,14.2,8.4,63.4,63.8,92.1
2001 Aug,191.7,101.2,94.2,71.7,43.7,8.5,8.1,287,15.5,9.6,17.1,34.9,25.7,14.9,21.5,14.7,8.2,69.2,59.3,100
2001 Sep,189.3,88.4,90.5,66.5,39.8,8.3,7.9,258.3,13.6,10.1,17.8,31.5,26.2,14.2,21.2,13.5,8.3,68.6,55.6,91.6
2001 Oct,218.8,94.7,99.3,76.9,43.6,8.7,7.8,278.3,13.8,11.7,17.7,30.5,27.7,16.4,22.5,16.6,9.7,80.3,67.1,120.8
2001 Nov,218.1,99.4,106.4,76.1,44.1,9.6,8.2,285.5,13.7,12.5,18.2,31.1,29.1,18.3,22.5,17,11.9,82.6,64.2,121.3
2001 Dec,243,116.8,131,92.6,53.8,12.3,11.7,348.4,17.2,13.6,19.3,38.7,42.1,20.5,23.6,20.1,16.2,93.8,64.8,136.7
2002 Jan,230.5,94.9,107.3,75.8,53.5,10,8,293,13.5,10.8,16.2,31,25.1,17,20.1,15.2,10.2,83.4,65,115.4
2002 Feb,210.4,95,98.2,71,47.7,10.6,9.6,284.2,12.1,11.1,15.3,30.3,21.9,16.3,20.1,14.6,9.3,72.3,55.2,100.1
2002 Mar,216,106.7,110.3,73.3,49.1,10.3,9.8,304.6,13.7,11.4,15.7,32.4,27.6,16.4,22,16.3,10.6,81.3,58.4,109.1
2002 Apr,212.6,102.8,105.1,75,48.5,9,8.6,291.8,14,10,17.2,30.4,30,18.1,20.8,15.9,10.7,88.2,55.7,100.2
2002 May,226.1,105,112.3,81.5,49,10.3,9.7,305.4,14.4,10.6,17.2,31.4,30.5,18.9,20.8,17.3,11.5,89,62.1,103.1
2002 Jun,213.6,96.9,103.8,72.4,45.9,9.7,8.7,281.5,13.9,10,17.1,30.6,31.1,20.2,20.7,15.4,10.3,86.2,65.1,96.5
2002 Jul,272.8,99.7,93.3,84.4,51.6,10.2,11.8,314,15,8.5,16.9,34.9,29.6,17.1,20.3,16.6,9.6,89.8,57.5,93.6
2002 Aug,268.3,111.7,92.4,89,58.3,10.2,11.8,342.7,14.7,9.1,16.3,36.6,28.5,18,21,16.5,10.2,98.9,59.3,101.6
2002 Sep,272.3,95.4,94.3,79.7,58.3,9.3,9.9,305.6,14.5,8.6,16.3,31.4,28.5,17.6,21,16.5,9.5,89.1,57.5,104.5
2002 Oct,251,85.5,104.8,81.8,57.3,9.3,9.5,296.1,12.8,9,17.8,30.7,32.6,17.6,23.3,17.7,9.3,110.6,71.8,118
2002 Nov,249.8,90.2,102.6,77.1,55.7,9.7,9.9,294.3,13.3,9.7,18.5,30.5,35.9,19.4,23.8,17.9,11.9,110,73.6,121
2002 Dec,289.3,110.2,120.5,108.4,70.4,13.7,12.8,386,17.3,11,18.8,41.6,50.4,20.5,24.4,21.1,18,124,66.2,135.3
2003 Jan,241.6,88.6,97.9,73.9,59.1,10.1,9.9,301.2,11.7,8.6,18.4,36.3,31.4,15.9,19.6,16,10.6,93.9,64.7,111.4
2003 Feb,220.6,86.8,88.3,69.2,46.4,10.7,11.1,279.4,10.8,8.4,17.6,32.1,26.6,15.2,20.6,14.2,9.2,86.8,55,96.9
2003 Mar,235.7,96.6,95.5,68.7,47.9,10.2,11.6,290.1,12.5,9.2,19.2,29.7,33.3,17.6,24.1,15.9,11,99.5,57.4,107.2
2003 Apr,216.9,86.4,96.5,62.3,47.1,10.3,9.3,267.6,12.9,8.8,18.8,29.3,35.1,16.3,24,16,11.8,94.8,60.3,100.4
2003 May,212.1,90.8,98.7,67.1,51,10.3,10.2,286.5,14.5,8.8,19.9,31.6,36.5,18.3,25.7,17.4,11.1,94,71.1,103.5
2003 Jun,203.5,87.2,95,62.1,51.8,9.6,9.8,273.2,13.8,8.6,20.7,30.3,35.3,18.8,25.3,16.6,10.8,84.9,67.9,97.6
2003 Jul,232.7,105.4,104.6,66,63.6,13.5,11.5,317.3,14.7,8.4,21,34.2,32.3,18.1,26.1,16,9.7,95,78.1,105.2
2003 Aug,228.2,110.4,106.3,65.2,65.5,13.7,11.2,327.5,15.7,8.5,20,39.6,30.1,18.6,26.1,15.9,9.6,100.8,75.1,114.7
2003 Sep,223.8,108.9,109.4,64.3,66.2,13.7,10.1,319.1,16,8.7,19.3,33.9,29.8,19.7,25.7,15.2,9.9,98.2,73,121.3
2003 Oct,240.7,101.7,111.7,67.7,73,13.2,9.7,324.4,14.7,9.1,21.6,35.1,37.7,20.9,22.4,16.3,10.2,100.7,82.4,142.6
2003 Nov,242.7,109.5,108.2,69.1,73.1,13.3,9.7,334.8,15.1,9.5,20.9,35.7,39.9,23.1,22.1,15.4,11.2,98.4,81,146.5
2003 Dec,263.7,136.1,125.9,98.3,95.5,18.3,14.2,448.8,18.2,10.2,22,49.2,55,26.7,21.6,19.4,17.5,109.8,79.9,161.5
2004 Jan,231.3,92.3,122,68.3,75.8,13.7,8.6,327.1,14,8.2,19.4,40.5,34.6,19.8,14.8,14.7,10.9,107.3,76.3,129.4
2004 Feb,215.4,91.9,114.6,69.2,65.4,15.2,10.1,316.4,13.3,8.3,17.3,37.5,29.3,17.4,18.8,14.3,10.1,98.2,63.1,112.8
2004 Mar,228.6,109.2,117.3,75.3,65.7,13.4,9.7,340.5,15.4,8.5,19.5,37.6,34.6,20.4,18.9,16.4,11.1,104.2,70.2,127.6
2004 Apr,234.5,93.8,126.4,69.6,70.1,13.2,8.6,318.9,14.7,8.4,17.8,34.1,39.3,19.6,18.8,16.7,12.5,105.1,73.4,124.4
2004 May,221.4,100.6,121.1,68.7,73.2,13.4,8.9,327.9,13.8,8.3,19.5,34.7,39.4,20.4,20.1,16.7,11.1,101.4,73.8,127.2
2004 Jun,218.5,95.4,120.9,66.7,72.7,13.1,8.8,320.3,14.3,7.9,19.7,36.3,39.9,21.3,19.8,16.7,11.6,96.9,90.9,122
2004 Jul,224.6,103.1,119.5,71.3,80.1,15.2,11,352.9,14.9,8.7,19.3,38.9,37.3,22.2,20.4,17.8,10.6,112.4,94.1,134.6
2004 Aug,228.2,101,116.7,72.2,79.1,14.6,10,346.6,14.5,8.7,19.2,39.2,35.3,20.4,18.8,16.7,10.5,107.1,83.7,129.5
2004 Sep,226.1,99.3,118.7,74.4,76.3,14.9,8.8,343.9,14.4,8.8,19,40.6,38.5,21.5,18.5,17.9,11,115.8,88.3,146.8
2004 Oct,236.4,97,132,72.5,78.1,14.2,8.3,337.5,14.6,8.7,23.2,37.5,43.2,22.2,20.9,19.6,9.1,114.5,101.8,155.1
2004 Nov,248.1,102.6,130.2,74.2,76.9,13.8,8.4,348.7,15.4,9,21.4,41.3,42.2,24,18.2,19.2,10.9,116.7,96.7,155.4
2004 Dec,296.5,142.2,154,103.2,103,17.6,11.5,480,17.5,10.2,21.1,53.9,61.5,27.4,18.7,23,17.6,121.8,102,191.7
2005 Jan,239.3,103.2,131.7,70.9,85.1,14.2,8.8,359.3,11.6,8.1,22,47.6,38.2,21.6,15.2,16.8,10.8,95.1,91,145.4
2005 Feb,225.1,99.6,125.7,63.1,79.5,14.4,10.4,341.7,11.8,7.8,21.1,42.5,31.5,20,14.1,15.2,10.4,103.7,86.8,124.4
2005 Mar,247.7,101.7,143.6,64.7,78.3,14,9.2,344.6,13.1,9,22.1,43.2,37.8,21.2,14.7,16.5,11.9,108.3,90.6,133.5
2005 Apr,244.5,94.6,143.2,65.6,78.6,12.8,8.8,337.2,14,10,20.5,45.2,38.9,23.6,18.1,14.8,13.7,112.6,94,128.2
2005 May,242.9,96.4,119.6,68.1,81.5,13.1,8.8,343.6,13.7,10.4,21.6,44.4,41.1,23.5,17.8,15.1,12.8,114,99,126.7
2005 Jun,238.6,93.1,116.4,67.2,76.8,12.8,8.2,334,13.5,10.3,23.8,44.9,42.4,24.2,17.3,14.5,13.3,111.2,94.7,117.3
2005 Jul,245.9,99,120.6,72.4,81.2,15.1,11.3,361.8,16.5,5.7,27,44.9,38.5,25.6,17.2,17.3,11.7,115.3,106.4,135.1
2005 Aug,251.9,96.1,123.4,75.3,83.3,14.8,10.2,358,16.9,6.5,27.7,46.2,35.2,26.9,15,17.4,11.4,115.3,103.9,142.4
2005 Sep,246.8,94,129.2,74.2,82.6,14.7,9.5,351.9,16.9,6.8,24.8,45.9,38.1,27.3,14.4,16.7,12.6,119.8,94.9,146.3
2005 Oct,267.2,91.9,134.7,72.8,75.6,16,8,336.4,14.5,6.4,28.5,42.1,43.6,27.3,14.5,19,11.5,122.5,106.8,162.2
2005 Nov,271.7,96,132.8,78.4,79.4,16.8,8.2,357.9,15.3,6.4,28.6,47.4,45.2,27.9,13.4,20.6,14.1,123.4,107.8,173.6
2005 Dec,316,127.3,163.6,108.7,97.5,24.1,10.9,477.3,17.8,7.4,30.2,63.6,60.5,31.4,13.6,26.8,20.3,129,117.8,199.5
2006 Jan,287,86.7,129.6,74.5,77.3,16.3,7.8,341.4,14,5.4,28.1,48.6,40.7,24,10.8,22.8,13.5,106,96.5,151.5
2006 Feb,265.7,85.8,131,65.9,70.7,15.7,9.8,320.9,14.4,5.4,24.2,40.7,34.1,23.4,11.2,21.9,13.7,105.5,92.3,136.7
2006 Mar,291.5,93.9,144.1,68.6,69.7,16.5,9.3,333.8,16.1,5.7,25.5,40.9,40.1,26.4,12.7,25,15,117.7,98.3,145
2006 Apr,268.2,81.1,143.4,66.2,69.8,14.6,8.4,306.7,13.8,5.7,25.3,35.9,47.1,23.3,13.2,22,15.3,120.3,97.3,147.3
2006 May,261.7,94.5,147,69.3,69.1,13.8,8.6,322.6,14.5,5.6,28.1,35.5,44.7,26.1,14.7,24.9,14.4,129.3,106.6,141
2006 Jun,253.6,93.8,138.2,67.8,68.9,13,8.3,318.9,14.1,5.7,30.1,35.8,43.6,27.7,12.6,24.4,13.6,121.8,103.4,140.4
2006 Jul,264.8,95.3,124.3,65.8,72.4,16.5,10.6,327.7,14.5,7.2,29.2,35.2,40.1,24.3,13.6,25.8,13.8,129.3,116.5,146
2006 Aug,273.6,99.2,127.8,67.2,74.6,16.6,9.1,335.1,14.7,7.5,29.7,36.2,40.5,27.4,14.9,26.8,14.3,129.5,113.6,151.3
2006 Sep,269.1,92.1,127.6,65,73.8,17,8.3,320,14.1,7,30,36.1,40.5,27.1,15.1,26.9,15.6,125.2,118.3,158.8
2006 Oct,289.6,91.5,145.1,70.6,82.6,15.5,9,332.3,13.9,8.4,27.5,34.3,49.8,28.1,22,27.7,16,137.9,117.3,174.6
2006 Nov,289.6,97.5,146.6,76,88.2,16.4,9.6,356.7,14,8.7,30.4,38.4,50.6,28.8,18.2,29,16.7,137,120.4,167.8
2006 Dec,341.9,119.4,171.5,107.7,111,22.3,13,466.7,14.3,9.5,32.4,50.6,71.3,33.5,21.1,35,23.5,146.5,126.3,196.7
2007 Jan,304.6,87.1,151.5,74.3,77,15.8,10.6,333.9,11.2,7.8,25.4,43.5,45,26,16.1,24.9,15.4,132.3,104.3,157.3
2007 Feb,288.8,79.7,145.5,71.9,74.8,16.2,11.2,317.1,11.1,7.9,24.5,34.3,39.3,24.2,16.6,22.7,14.9,130.3,88.7,140.7
2007 Mar,311.3,95.4,153.8,78.2,77.8,16.3,12.9,346,12.5,8.9,27.1,35.5,50.8,26.1,18.9,25.4,16.7,145.3,99.5,147
2007 Apr,307.1,79.4,168.4,68.9,75.6,15.2,10.7,304.7,11.5,9.8,22.1,30.6,47.1,25.7,20.3,22.6,15.9,144.6,93.1,139.9
2007 May,304,80.7,165.2,72.4,81.7,16.1,10.8,321,12.6,10.1,24.3,33.4,51.1,29.6,23.9,24.3,15.9,148.5,103,141.9
2007 Jun,279.5,78.3,167.5,70.2,79.3,15.3,10.2,309.6,11.7,10.1,25.9,31.8,50.1,30.2,23.3,22.3,16.1,137.3,109.3,138.9
2007 Jul,300.1,89.7,175,75.4,82.5,16.6,12.5,343.3,12.3,9.1,20.5,36.9,50.7,28.2,23.7,23.7,13.6,142.3,94,137.8
2007 Aug,308.5,91.8,174.1,78.4,78.6,17.2,10,338.8,13.3,9.6,23.9,35.8,47.1,28.9,25.8,23.8,13.9,146.7,96.7,142.2
2007 Sep,296.2,84.6,171.3,75.6,71.8,15.6,10.2,316.4,12.1,9.5,23.8,35.6,49.8,27.7,24.3,22,13.7,146.7,99.9,153.7
2007 Oct,276.8,93.9,186.9,94.8,91.3,11.3,10.5,366.6,17.4,12.6,21.8,44.2,54.7,31.7,25.7,21.1,15.8,143.3,93,175.4
2007 Nov,272,95.5,181.3,101.8,97.6,11.6,11,384.6,16.3,12.4,21.1,45.4,56.1,31.8,25.2,23.4,18.6,153,95.8,173.8
2007 Dec,322.6,124.1,220.8,145.1,112.8,15.3,15.2,506.9,19,13.2,22.2,61.9,77.3,34.7,26.4,25.7,23.6,159.2,102.1,193.2
2008 Jan,239.7,97.2,170.2,96.1,102.8,11.7,9.7,385.8,14.2,10.7,19.4,45.5,50,28.7,22.6,23.7,15.6,127.6,87.7,138.8
2008 Feb,229.9,102.1,171.9,84.4,99.8,11.6,12.9,381.4,14.5,11.3,18.5,46,42.3,29.1,27.6,22.9,15.4,126,79,126.3
2008 Mar,241.3,103.2,176.3,81,95.9,11.7,11.6,376.3,15.1,11.7,17.8,48.2,49.2,27.6,25.1,22.8,17.4,135.4,82.3,134.5
2008 Apr,223.8,96.5,169.9,77.7,93.2,12.6,10.2,362.1,14.8,11.7,17.2,51.8,52.9,28.1,24.3,21.3,16.9,146.6,81.4,119.4
2008 May,234.7,100.7,170.8,80.5,102.6,12.9,10.9,383.9,15.9,12.3,17.9,54.6,49.5,31,25.8,23.6,15.9,149,84.1,119.8
2008 Jun,221.4,90.4,161.8,73.9,95.7,12.7,10.3,354.4,14.5,11.5,18.6,51.7,45.2,30.8,24.1,20.4,15,142.5,81.9,116.6
2008 Jul,238,103.5,174,82.3,112,15.5,12,405.6,15.5,11.2,17.3,57.1,45.5,28.9,24.4,21.3,14.6,149.4,84.4,124.1
2008 Aug,250,102.9,179.7,83.2,111.6,15.9,10.8,399.3,15.6,11.2,18.6,53,42.6,29.3,25.5,20.8,14.3,145.6,80.8,129.8
2008 Sep,243.7,98.2,183.2,83,108.3,15,10.1,384.7,15.2,10.8,16.9,50.5,41.6,29.1,23.6,18.9,15,144.3,75.5,133.6
2008 Oct,250.6,96.6,193.9,88.3,111.2,15.3,9.8,387,14.7,11.7,18.2,45.9,48.4,31.2,28.2,19.4,15.5,147.4,82.2,147.2
2008 Nov,254.7,96.1,191.5,91,112.4,16.3,9.7,389.3,13.3,11.3,18.4,44.7,49.4,30.7,27.1,18.6,16.9,141.7,81.6,147.7
2008 Dec,320.6,126.6,247.8,139.9,145.3,23.3,14.2,538.3,19.7,12.8,20.7,59.5,74.3,34,27.4,28.7,24,140.5,100.9,181
2009 Jan,236.1,96.3,165.5,92.6,105,16,8.5,388.5,11.4,10.6,19.5,51.1,52.6,26.6,25.5,20.9,15.2,128.7,88.2,136.9
2009 Feb,222.5,99.5,168,79.8,96.3,16.9,11.6,363.2,8.7,10.9,17.9,38.8,41.1,23.3,28.6,20.2,13.9,127.7,76.7,110.2
2009 Mar,243.3,106.6,189.8,84.6,97.2,15.6,10.7,375,9.7,11.1,19.5,37.7,54.5,25.4,30.8,22.6,18.2,141.8,79.6,121.8
2009 Apr,241.6,85.2,200,73.8,84.8,14.2,9.2,322.8,11,11.4,18,34.8,58.6,27,29.4,23.1,17.7,146.4,94.9,119.3
2009 May,238.4,89.7,187.9,74.3,90.9,14.2,10,336.6,10.3,11,18.8,36.1,60.2,27,32.7,24.1,16.9,156.1,102.3,121.9
2009 Jun,230.6,88.1,180.2,70.8,89.3,13.7,10.1,329.3,9.4,10.5,20.9,36.3,52.3,28.9,30.8,23.6,14.3,142.8,109.9,111
2009 Jul,237.1,90.2,177.6,76.7,83.3,15.5,13,346.3,10.9,11.1,18.3,39.6,53.1,27.7,33.9,24.9,13.8,146.4,117.7,105.6
2009 Aug,245.2,93.9,180.9,70.4,82.5,13.3,10.8,337.1,11,11.3,18.2,39.4,51.7,28.5,34.1,24,12.8,138.7,113.5,109.2
2009 Sep,241,85.8,185.4,69.2,82.1,14.9,9.6,325.2,10.8,11,18.6,36.3,51.9,27.5,34.2,23.7,12.7,140.2,117,116
2009 Oct,266.1,87.2,191.3,72.6,92,14.8,9.9,333.8,13.2,9.4,20.9,34.9,58.4,27.4,32.9,30.7,14.6,171.3,125.6,133.8
2009 Nov,275.6,86.2,194.2,72.6,87.4,15.2,10.2,330.2,13.9,10.2,18.5,33.2,56.2,20.3,32.1,31.4,16.6,174.2,127.3,129.2
2009 Dec,342,124.5,274.1,107,119.5,17.4,14.8,471,17.4,12,22.6,49.9,67.5,26,34.5,39.3,22.1,182.5,141.7,134.5
2010 Jan,255.4,87.4,156.6,62.8,113.4,13.5,8.1,373.3,11.9,15.4,20,55.1,66.4,16.2,27.8,22.9,15.1,163.4,115.4,113
2010 Feb,215.5,103.1,149.9,66.9,90.4,16.4,11.2,350.6,11.9,15.7,17,34.5,55.8,18,31.4,24,13.8,161.7,104.1,95.4
2010 Mar,229.6,113.6,170.6,74.2,92,14.2,10,370.5,13.6,17.7,18.2,34.2,74.4,19.5,34.7,27.7,16.3,188.2,102.8,102.5
2010 Apr,214.4,100.3,164.1,82.7,81.1,11.4,8,339,14,18,17.5,28.4,74.4,21,33.9,25.9,16.2,172.6,98.7,105.1
2010 May,224.5,105.4,157.8,84.3,84.2,11.4,9.3,349.2,14.5,19.8,17.2,29.5,77.7,22,35.6,26.3,15.7,180.5,105.5,91.2
2010 Jun,205.6,111.9,152.8,79.6,79.2,11.5,8.8,344.1,14,18.7,21.4,29.2,71.3,22.5,34.5,25.4,15.8,174.6,119.2,82.2
2010 Jul,198.7,125.1,160.9,87.9,78.7,12.4,9.1,365.6,14.4,18,19.4,26.4,73.7,22.9,31.7,27,16.1,188.2,115.9,85.4
2010 Aug,203.3,131.3,157.9,87.1,82.4,11,9.3,375.4,14.2,18.7,20.2,27.7,68.6,24,31.3,27,15.4,192.9,109.6,94.3
2010 Sep,203.2,122.7,163.3,88.6,75.9,11.8,7.9,360.6,13.9,17.8,18.6,28.7,69.4,23.2,31.4,25.4,15.7,192.8,112.2,106.3
2010 Oct,214.4,136,172.3,100.3,79.2,12.1,7.5,386.7,14.6,18,29.3,26.5,77.7,25.3,29.4,30.5,15.4,197.6,134.7,126.2
2010 Nov,201.4,136.1,190,102.9,82.2,12.3,8,397.4,16.6,19.4,30.8,28.1,78.9,26.9,28.3,30.9,16.9,193.6,134.9,121.6
2010 Dec,251.8,188.8,255.3,166.7,108.3,15.6,12.1,573.8,18.7,22.1,31.1,40.4,99.1,28.7,30.4,37.9,24.1,216.5,149.8,134.6
2011 Jan,205.8,145.5,177.8,88.9,83.2,11.5,4.9,413.3,13.8,18.5,30.3,49.1,60.5,19.5,24.4,24.5,15,185.7,118.8,116.7
2011 Feb,194.6,142.7,170.2,89.9,73.1,14.9,8.1,391,12,18.9,22.8,35.5,53.6,23.8,25.8,22.6,14.9,178.3,113.9,103.4
2011 Mar,200.4,162,189.6,96.8,77.7,12.8,6.2,416.5,14.2,19.6,24.3,31.4,68.9,23.8,29.7,25.5,17.3,214.6,120.8,110.8
2011 Apr,196.2,126.2,185.1,85.3,71.5,9.8,4.4,349.4,13.8,19.2,21.7,28.3,66,20.4,27.9,27.4,17.5,200.3,126.2,111.5
2011 May,185.9,128.1,179.7,86.5,74.8,10.3,5.6,356,14.6,19.4,22.6,25.1,66.9,21.1,27.5,28.9,17.2,231.4,134.9,106.5
2011 Jun,183.2,130.3,180.9,79.4,66,9.9,4.8,334.8,14.3,18.1,25.1,21.7,60.8,24.1,25.3,24.6,16.6,220.4,154,99.2
2011 Jul,188.5,141.3,179.5,86.8,77.5,11.9,5.7,370.6,12,12.4,23.9,21.8,56.9,22.2,25,28.8,22.7,243.7,152.6,106.2
2011 Aug,192.4,145.9,199.9,83,80.4,11.1,6.9,375,11.8,13.4,21.9,22.7,58.8,25.7,25.3,33.4,22,248.9,149.6,114.9
2011 Sep,188.5,135.2,184.9,78.6,72.4,10.4,4.8,345.6,11.6,12.7,22.3,21.3,59.2,25.8,25.8,34.3,22.3,238.6,154.8,119.1
2011 Oct,197.6,128.8,169,79.3,68.5,11,4.5,340.6,11.5,14.2,23.6,23.3,65.2,21.4,26.6,37.6,21,256.4,162.2,150.4
2011 Nov,201.4,125.5,169.6,86.2,70.2,11.6,5,351.1,11.2,12.2,25,24.8,66.6,27.2,24.5,38.9,22,261.6,179.7,139.4
2011 Dec,257.2,164.1,200.4,135.4,91.2,12.3,6.7,489.7,13.4,14.6,27,40.6,90.4,27.4,28.4,48.4,36,267.8,179.7,147.7
2012 Jan,188.1,114.3,141.2,79.4,94.7,9.9,3.8,365.1,11.4,12.2,24.4,40.3,49.7,17.6,26.9,32.1,20.2,235,138.3,126.2
2012 Feb,200.1,132.3,145.9,84.8,85.7,12.6,7.2,374.5,11.9,12.4,19,28.2,50.6,20.6,28.2,34.6,21.1,234.7,141.8,114.6
2012 Mar,199.7,142.5,155.3,87.2,89.3,11.8,5.3,390.3,13.2,12.3,20.6,30.4,61.6,19.5,34.3,40.3,22,275.3,146.3,123
2012 Apr,214.5,109.5,143.3,81.7,79.8,8.7,4,325.6,13.5,12.1,16.6,23.2,54,19.7,30.5,42,23.2,278.7,129.3,121.9
2012 May,216.2,119,143.2,90.1,89.2,8.7,4.6,359,15,12.3,16.7,26.7,59.9,22.3,35.2,40.1,24.1,313.4,151.3,121.4
2012 Jun,208.6,110.7,143.9,78,81.7,9.2,4.4,327.6,14.9,12.9,18.3,25.8,57.4,22.4,37,37.7,23.5,290.8,159.3,117
2012 Jul,204.5,116.8,133,78.9,81.6,10.2,5,339.5,11.7,15.9,19.3,28.5,53.5,22.5,31.8,35.5,21.9,316.8,146.1,122.3
2012 Aug,213.9,118.8,137.2,86.5,84,9.9,6.9,353.9,12.4,16.5,17.3,29.8,53.8,21.3,36.4,36.6,21.7,321.1,149.9,128.1
2012 Sep,211.7,110.8,133.7,81.4,81.4,8.5,5,331.9,11.8,16,20.7,29.2,52.5,20.3,38.2,36.6,20.9,314.1,165.6,147.6
2012 Oct,230.6,111.7,142.4,83.1,81.6,9.2,4.7,341.8,12.1,13.6,20.4,30,53.9,20.6,33.7,31.6,27.4,317.6,151.4,178.6
2012 Nov,219.5,114.1,141.6,92.9,83.6,9.6,5.2,359.7,13.1,13.1,22.6,32.3,55.6,21.3,37.2,31.6,29.1,305.1,155.9,168
2012 Dec,276.2,130.7,162.6,125.8,97.8,10.5,6.9,438.5,13.1,14,25.1,36.9,75.2,24.6,39.3,36.1,50.5,299.5,155.5,188
2013 Jan,234.5,108.2,134.4,77.2,84,9.7,4.8,337.7,10.3,12.9,25.3,29.5,40.9,18.3,33.5,25.9,29.2,260.4,152.1,159.9
2013 Feb,226.2,117.7,123.1,81.5,74.5,11.7,7.7,346.1,10.9,12.8,18.5,28.7,32.6,20.1,38.4,24,28.4,261.4,131,135.5
2013 Mar,233.4,113.9,140.2,81.7,72.4,10.2,5.8,340.2,11.8,13.6,18.6,29.2,39.7,18.7,49.1,24.8,28.1,296.7,142.1,150.9
2013 Apr,234.4,96.7,147.6,55,72.9,8.2,4.2,287.8,11.8,16.2,19.1,29.3,40.9,12.1,40.5,18.6,32.1,282.9,126.9,162.7
2013 May,243,93,151.5,66.2,70.6,9.9,4.2,298.5,12.7,15.2,18.2,30.7,42.8,12.7,38.8,21.9,33.3,302.2,148.6,159
2013 Jun,228.7,77.1,146.5,57.7,71.1,8.4,4.3,267.2,11.8,15.1,19.6,27.8,41.9,13.3,40.3,19.6,30.2,284.2,154.1,153.1
2013 Jul,235.9,83.7,154.9,56.7,73.5,9.9,5.4,281.7,12.3,15.4,17.2,27.9,43.2,16.4,42.7,17.5,34,305,155.3,147.3
2013 Aug,247.8,92.4,166.6,61.2,74.2,9.7,6.3,302.5,12.6,14.9,16.2,32.5,40.7,16.1,40.3,18,32.5,308.7,162.5,154
2013 Sep,240.2,87.7,161.9,51.1,68,8.8,4.4,272.2,11.8,16.1,17.5,29.1,42,15.6,39.7,18,30,287.1,159.3,161.2
2013 Oct,244.5,92.5,179.4,57.5,68.4,10.1,4,286.4,13.9,14.7,18.2,33.2,49.2,22.2,44.2,22.1,25.2,304.3,169.4,189.9
2013 Nov,232.2,105,183.7,65.7,70.9,11.1,4.8,314,15.1,14.1,18.8,36.1,50.3,21.2,39.6,25.3,29.2,306.5,169.5,186.2
2013 Dec,270.9,131.8,246.2,90.4,91.9,13.9,6.7,399.2,16.5,15.4,22.6,42.4,72.2,25.9,38.4,28.3,45.9,323.1,175.4,195.2
2014 Jan,235.3,100.3,170.5,73.2,75.1,10.6,4.8,314.9,12.7,13.9,16.8,34.7,50.3,20.2,30.7,20.2,29.4,279.5,170.3,159.4
2014 Feb,213.3,109.7,167.6,65.7,65.5,11.2,7,311,12.5,12.6,14.3,34.1,39.4,18,34.4,19.7,24.7,265.3,142.8,148.8
2014 Mar,227.3,118.8,183.7,65.7,70.9,8.9,5.8,325.2,13.6,13.8,16.4,34.4,50.8,20.4,39.3,21.7,28.3,293.7,150.9,160.9
2014 Apr,208,97.2,192.9,57.6,58.2,8.4,4.3,272.5,13.8,12.6,15.2,31.5,51.4,22.1,35.9,21.2,23.8,295,129.4,158.8
2014 May,218.3,98,175.3,65.5,64.5,8.4,4.7,291.3,14.8,13.2,16.4,33.7,52,23.7,36.5,23.1,23.9,311.6,151.9,159.8
2014 Jun,213.3,90,177.6,54.8,59.7,7.7,4,264.6,15,12.7,15.6,33.5,50.8,24.7,34.5,23.2,21.9,294.8,161.1,152.3
2014 Jul,209.1,100.7,189.7,61.1,68.9,6.5,5.3,296,16.6,11.4,16,36.9,63,25.4,35.9,22.5,24.4,306,164.4,153
2014 Aug,212.9,110.8,193.8,65.8,79.5,6.1,5.8,325.4,16.4,11.8,15.8,39.7,63.2,23.7,35.1,23.2,23,308.8,161.6,171.5
2014 Sep,211.2,98.4,190.2,59.2,67.3,5.4,4.6,283.6,15.6,12.7,16.3,32.6,65.2,23.5,38.3,22.3,22.2,291.3,153.1,178.9
2014 Oct,243.1,98.3,181.4,56.9,73.4,6.2,4,288.7,15.4,11.4,17.2,32.5,79.2,26.4,35.5,25.6,22,292.8,155,201.7
2014 Nov,243.5,105.3,187.1,61.6,70.4,6.3,4.5,299.8,16.4,11.5,18.8,32.4,77.2,28.1,38.2,25.1,23.9,289.1,153.7,203
2014 Dec,300.7,125.8,231.6,79.3,85.8,9.2,7.3,375.7,15.3,13.5,22.8,44.3,113.5,30.2,42.3,29.6,36.7,295.9,168.7,214.6
2015 Jan,219.2,95.9,165.9,44.6,72.3,7.6,4.9,275,11.4,12.9,16.3,35.2,60.8,24,33,25.4,25,277.8,155.9,179.3
2015 Feb,211.9,106,167.4,45.5,65,10,7.9,279,11.6,12.3,14.3,29.3,50.8,23.1,36.8,24.1,22.2,275,135.7,155.4
2015 Mar,213,111.6,182,52,69.6,9.5,6.2,298.4,12.4,13.9,15.2,31.7,63.1,27.1,42.3,26.9,25.3,295,140.8,168.8
2015 Apr,208.5,99,185.3,41,63.2,8.6,4.9,256.2,12.5,13.4,14.9,27.1,69.1,23.2,35.3,24.5,24.3,280.7,128.9,165
2015 May,201.2,100.8,176.5,41.7,67.2,9.3,5.5,264.1,12.6,13.2,17.5,27.5,68,26.5,38.4,28.7,24.5,297.1,146.4,166.8
2015 Jun,201.4,86,173,38.9,61.7,8.8,4.8,237.5,12.2,13.3,17.3,26.6,62.8,26.7,38,29.9,23.6,279.3,160.3,169.7
2015 Jul,212.2,91.5,189.2,41.9,63,10.9,7.1,258.6,12.6,11.3,16.9,30.2,64.5,27.6,37.3,32.4,24.7,293.4,169.2,162.6
2015 Aug,210.8,96,199.7,43.9,63.1,9.6,8.2,271,13.3,10.3,17.4,37.2,57.5,26.1,37.6,32.1,22.8,291.6,162.5,174.1
2015 Sep,216.3,89.1,194.5,41.6,61,9.3,6.3,259.5,13.7,9.5,18.5,38.7,59.9,26.1,39.4,33.6,23.6,289.2,155.8,188.5
2015 Oct,230.5,94.8,187.6,46.6,61.2,9.5,5.9,275.5,14,10,18.8,43.4,65.1,26.9,41.5,35.3,24.9,286.3,166.6,210.8
2015 Nov,226.5,97.2,193.5,50.2,60.9,9.8,6.6,286.6,15.3,9.4,24.9,46.5,63.4,29.5,44.2,36,25.7,279.1,164.5,202.3
2015 Dec,282.5,118.1,249.5,72.4,76.7,13.5,9.5,372,16.8,9.6,34.1,62,96.1,34.7,49,40.4,39.4,282.9,185.1,212.6
2016 Jan,223,86.1,177.3,42.7,63.5,12,5.4,266.1,13.8,9.9,28.9,44.3,61.6,23.6,38.6,33.4,27.8,256,164.9,184.6
2016 Feb,213.9,92.4,185.9,43.2,52.2,15.1,7.5,265,13.7,9.2,24.1,41.4,52.2,23.6,43.8,33.6,22.8,247.3,135.8,167.3
2016 Mar,219.7,96.5,201.8,47.6,53.9,13.3,6.2,274.3,14.5,8.8,23.4,42,59.8,24.5,45.6,35.2,24.7,276.8,141.7,180.2
2016 Apr,219.8,83.1,190.7,45.9,47.7,10.5,5.2,240.3,14.5,9,24.5,35.7,68.1,25.2,41.2,34.3,27.3,282.4,139.7,180.9
2016 May,218.9,85,195.3,47.1,45.8,12.1,5.4,245.5,15.7,9.3,23.4,38.4,66.1,24.1,40.4,33.8,23.4,276.3,142.4,173.9
2016 Jun,207.1,74.4,192.6,43.3,49.2,10.9,4.8,232.3,15.5,9.6,23.7,38.5,67.3,26.5,36.9,32.4,23.1,265.3,156.5,175.6
2016 Jul,199,84.6,195.5,44.9,53.6,14.1,5.8,256.1,16.3,9.9,25.1,40.8,68.6,28.2,41.6,36.1,23.6,275.7,150.5,170.2
2016 Aug,204.9,89.5,198.3,49.1,56.6,14.6,6.6,270.9,15,9.9,21.7,41.7,59.7,27.8,44.5,36.9,22.2,284.2,143.9,178.2
2016 Sep,212.4,83,192.6,45.7,52.5,11.4,4.9,248.4,15,9.4,22.4,40,60.1,25.8,43.9,36.5,22.8,281.5,149,205.9
2016 Oct,233.1,84.5,190,46.8,53.7,11.4,5,253,15.2,10.7,26.8,40.8,61.7,29.9,41.9,34.5,20.9,290.2,160,232.1
2016 Nov,236.5,94.8,194.6,52.1,55.8,11.1,5.5,275.3,17,11.3,26.2,44.5,64.6,32.4,41.6,34.3,24.8,282.9,153.2,226.5
2016 Dec,293.6,128.2,235.8,81.8,70.7,16,8.7,379.1,19.7,11.2,33.7,57.5,101.2,33,42.5,40,39,301.5,182.9,222.6
2017 Jan,233.7,88,181.9,48.7,60.2,11.9,5.2,270.4,15.5,12,25.9,45.8,60.5,25.7,35.1,28,25.4,271.3,146.2,181.1
2017 Feb,221.2,90.2,181.9,50.3,51.4,12.9,6.6,261.3,16,11.1,20.9,39.1,49.6,26.6,39.8,28.4,18.8,261.6,125.4,160.1
2017 Mar,236.5,95.2,195.9,54.2,56.7,12.8,5.7,277.6,16.7,11.4,22.3,40.5,61,26.5,44.6,32.8,20.4,297.8,133.5,174.6
2017 Apr,239.4,80.9,195.2,46.3,52.1,10.3,4.9,239.8,17.6,12.6,22.8,34.3,67,24,41,27.7,21.9,282.6,124.7,176.2
2017 May,237.8,89.1,187.4,45.1,50.8,11.8,6,252,18.8,11.5,24.9,37.5,70.9,27.3,41,31.5,23.2,298.2,139.4,170.8
2017 Jun,226.5,79.3,184.5,42.2,50.2,11.6,4.3,234.6,18.5,10.5,25.3,36,66.6,29.4,39.4,32.3,21.3,286.9,146.7,169.4
2017 Jul,226.2,87.8,199.8,45,53.2,10.9,6.5,251.3,19.4,10.5,27.2,36.1,68.7,26,42.5,30.3,20.4,304.9,139.7,166.3
2017 Aug,233.3,92.1,202,47.3,56,9.9,6.5,265.4,19.9,9.6,24.9,41.5,61.3,25.3,43,31.3,18.4,300.5,137.2,179.9
2017 Sep,229.8,85.3,196.5,43.9,53.1,9.6,5.8,245.1,19.8,9.8,25.5,36.1,64.8,26.1,44.3,31.1,19.6,299.7,130.1,193.1
2017 Oct,226.6,84,208.3,45.9,49.1,9.5,5.2,243.9,20.1,10.7,28.1,39.5,65.3,26.3,41.7,28.2,18.8,296.3,125.8,206.5
2017 Nov,239.7,94.7,203.2,49.7,50.7,9.1,5.9,265,21.2,11.9,29.3,43.3,71.7,28.3,40.9,29.8,21.2,293.9,130.1,213.5
2017 Dec,311,116.3,249.5,75.8,65.5,12.9,8.9,349.8,24.6,14.1,32.7,54,105.4,30.3,39.6,31.7,30.7,322.1,146.7,209
2018 Jan,245.2,83.4,192.9,47.6,51.9,11.6,4.8,256.6,19.3,11.4,28.9,45.2,62,24.5,33.8,26.2,20.2,282.9,121.7,174.2
2018 Feb,219.3,81.5,200.9,42.8,45.2,11.2,5.5,235.1,18.1,11.7,24.7,37,48.1,24,37.2,27,17.7,271.6,105,158.2
2018 Mar,254.8,86.6,223,43.7,44.2,12.1,5.7,243.8,18.9,14,25.3,39.2,60.2,24.7,44.3,28.5,19.6,292.7,122,168.6
2018 Apr,241.8,77.7,197.5,40.8,43.9,10.2,4.4,223.5,18.8,12,24.6,35.7,58.1,24.4,40.6,23.4,19.9,278.4,107.8,156.1
2018 May,252.5,81.4,198,40.6,45.1,10.6,4.2,231.3,18.9,12.4,25.7,38.5,63.5,27.1,40.9,27,21.4,289.9,116.1,158.1
2018 Jun,242.2,77.6,192.7,39.1,41.3,10.4,4.1,221.3,19.4,12.8,28.5,38.3,64.6,29.4,40.7,26.3,20.4,276.4,127.5,150.6
2018 Jul,250,78.5,203.9,37.3,46.5,8.8,5.3,224.3,17.5,11.4,27,35.4,58.6,27.7,43.8,27.7,18.6,285.3,126.9,145.6
2018 Aug,256.7,92.6,213.4,39.3,55.8,8.6,5.4,252.7,16.9,11.4,25.9,38.3,54,27.3,41.7,28.8,18.3,291.4,125.6,152
2018 Sep,252,80.7,214.2,38.9,49.1,8.1,5.2,230.6,18.1,11.3,26.7,37.2,56.2,24.8,41.4,27,18.1,287.8,120.7,165
2018 Oct,261.9,74.2,215.6,39.8,50.2,7.9,4.1,225.2,19.3,10.3,28.7,36.6,63.5,29.1,41.7,29.7,20.2,306.9,129.9,181.4
2018 Nov,262,82.5,206.2,41.7,56,8.5,5,244.2,20.5,11.1,31,38.6,67.9,27.6,44,31.7,21.4,306,125,188.9
2018 Dec,337.6,108.9,257.7,60.1,68.6,10.6,8,325.8,23.2,14.2,34.9,53.6,99.3,31.3,40.9,34.3,29.5,322.1,143.6,195.5
2019 Jan,263.6,77.8,188.1,43.6,58.9,10.1,4.1,246.4,17.1,10.1,26.2,41.3,57.1,22.9,36.7,26.1,20.7,282.5,123.6,163.5
2019 Feb,245.3,74.1,198.4,39,49,9.7,4,218.4,17.3,10.6,23.9,33.2,44.5,22.7,40,24.9,17,275.4,103.6,148.8
2019 Mar,264.3,76.6,226.2,42.7,51.6,8.9,3.7,225,19,11.5,24.6,30.4,56.8,23.3,45.5,28.4,20.1,302.8,115.8,161.9
2019 Apr,277.3,65.8,230.4,37.3,47.7,8.7,2.8,200,19.2,11.3,24.4,28.5,60.3,20.9,44.4,27.5,19.7,288,106.1,153.3
2019 May,259.5,72.7,219.4,37.9,52.3,9.1,2.9,214.5,20.2,11.1,24.8,29.7,66.1,23.5,44.5,29.7,20,289.8,118.3,150.9
2019 Jun,239.9,70.8,203.3,38.4,51.2,8.6,3,209,20.3,10.1,26.8,28.5,62.3,26,38.8,27.3,18.8,289.3,125.5,151.2
2019 Jul,233.3,76,212.9,36.9,55.5,10,4.4,224.1,20.4,8.5,26.5,31.2,58.8,25.7,41.6,31.4,19.5,314.9,127.2,152.8
2019 Aug,239.9,74.2,214.5,36.4,55.5,9.3,3.6,220.4,21.3,9.7,27.2,31.4,53,23.9,44.2,32.1,18.5,300.8,125.9,160.2
2019 Sep,231.4,66.8,219.3,37.1,52.3,9.6,3.8,208.9,20.2,9.4,26.5,30.3,54.2,23.4,43.8,30.7,17.3,308.2,116.9,174.3
2019 Oct,250.6,59.8,225.2,37.3,54.9,10.4,3.5,204.7,22.4,9.7,30.9,30.5,60,26.2,45,33.6,19.4,315.1,134.5,187.5
2019 Nov,252.7,64.4,218.7,39.3,55.5,11.6,4,218.7,23.9,10.8,31.9,33.8,63.1,25.9,44.3,33.5,21.2,301.7,132.1,189.5
2019 Dec,321.6,87.3,259.4,51.8,68.7,15.7,5.7,287.3,26.7,13.1,35,43.9,90.7,29.3,41.4,38,33.4,334.8,145.8,197.3
2020 Jan,243.3,64,195.6,37,60.2,11.4,2.9,215,19,8.4,27.1,30.3,54.1,23.2,32.6,29.2,21.3,288.7,120.1,169.2
2020 Feb,225.2,61.3,201.4,35.4,53.9,10.6,2.8,199.2,19.2,8.9,27.2,27.4,44.6,22.6,37.6,27.7,17.7,283.7,109.4,161.5
2020 Mar,280.7,57.3,276.1,31.6,54,11.6,2.9,190.6,24.8,11.4,27.4,25.6,38.3,21.8,29.8,37.1,15.6,237.5,110.4,187.2
2020 Apr,246,45.2,224.3,21.7,47.3,9.3,2.4,152.5,14.8,10.4,26.1,20.5,14.3,18.1,12.6,25.6,4.5,145.7,100.5,196.9
2020 May,258.2,56.5,239.9,25,55.2,11.4,2.9,184.4,16.8,11.1,33.9,25.3,44.4,28.5,14.9,31.7,13.3,202.7,153.4,211.9
2020 Jun,250.3,50.2,237.3,27.2,54.7,10.1,2.9,180.4,17.1,10.1,35.3,25.6,65.1,30,25.9,29.4,21.9,271.5,166.7,192.4
2020 Jul,266.8,56.8,239.6,26,54.7,11.6,3,188.4,19.5,11.3,38,28.1,73.8,31.2,31.7,33.8,22.6,311,178.6,193.3
2020 Aug,270.6,52.4,240.6,20.7,52.5,10.9,2.9,176.5,20.2,11.4,37.4,28.7,61.7,30.4,32.4,31.9,19.9,314.2,175.4,192.5
2020 Sep,266.9,55.9,237.1,24.5,55.8,11.5,3.1,190.3,19.9,10.5,36.1,31.2,62.8,31.4,32,33,19.6,313.5,166.2,201.7
2020 Oct,273.8,55.4,252.9,28.7,53.5,11.7,3,194,21.2,9.9,39.9,32.7,70,30.1,33.7,34.1,21.4,329.1,173.9,228.6
2020 Nov,283.4,58.3,253.8,40.5,55.3,13.3,3.7,213.2,21.9,9.7,39,33.8,67.1,32.6,36.3,33.5,24.8,319.1,176.7,212.9
2020 Dec,347.4,71.8,303.1,56,75.2,16.9,6.1,286.1,27,11,41.8,48.7,111.4,38.2,37.2,40.4,36.9,337.1,191.3,235.9
2021 Jan,282.6,51.9,230.8,39,58.6,12,3.4,204.7,19.1,8.5,37.5,31.9,67.2,27.3,32.9,28.9,22.3,288.9,160.4,201.6
2021 Feb,263.2,53.4,234.6,31.8,51.8,10.1,2.8,187.1,19.6,8.5,34.2,29.6,57.3,28.8,38,29.2,18.7,263.2,137.9,174
2021 Mar,285.3,56,269,37.1,53.8,10.7,2.9,202.7,22,9.2,33.9,33.5,72.6,32.3,42.1,32.9,22.8,336.5,164.3,195.4
2021 Apr,299.2,57,240.3,37.7,51.5,10.8,2.9,197.7,20.5,8.7,33.2,29.4,79.3,28.7,40.6,31.6,24.3,301.9,153.2,189.4
2021 May,296,62.1,235.2,35.9,52.7,11,2.8,201.5,21.1,8.7,32.7,28.7,78.8,32.9,43.5,30.5,23.8,324.1,172.9,187.1
2021 Jun,299,50.8,232.7,31.9,48.9,11.1,2.6,182.4,21.4,8.3,36.6,29.3,78.4,35.3,41.3,30.1,22.6,309.5,175.7,184.3
2021 Jul,283.1,34.6,237.4,29.7,51,10.6,2.8,166.5,22.7,9.5,38.4,29.8,66.7,33.6,42.6,34.1,25,319.5,182.6,190.6
2021 Aug,299.5,37.7,232.7,23.2,50,9.2,1.5,161,18.7,7.7,21.6,30.6,69.3,34.2,25,33.8,22.5,354.4,186.4,201.7
2021 Sep,308.7,39.8,234.5,23.2,50.7,9.6,1,162,16.5,7.2,16.9,28.9,75.9,32.3,15,33.3,24.1,363.4,179.3,221.7
2021 Oct,313.7,46,239,30.2,47.5,9.2,1.2,168,18.8,10.8,30.3,24.5,77.8,30.6,26.9,32,24.8,393.3,182.2,239.6
2021 Nov,314,50.1,221.2,42.8,53.7,10.2,3,196.7,23.5,10.8,44.4,26.6,88.7,34.8,45.5,32,29.4,391.3,195.1,243.1
2021 Dec,377.1,69.9,280.7,61.8,71.7,13.6,4.3,270.8,27.4,13.1,42.1,33.9,113.7,37.6,45.8,39,41,400.8,203.1,255.8
2022 Jan,308.6,43.1,213.5,44,51.2,8.9,2.5,181.7,19.9,9.3,35.5,21.8,60.1,27.7,37.5,27,22.9,350.5,160.5,219.7
2022 Feb,276.3,41.6,207,37.9,50.2,7.7,2.7,171.6,18.8,10.8,32.3,22.3,60.7,25.6,45.6,26,20.1,339.1,141.9,190.6
2022 Mar,298.3,40.3,224.1,37.6,51.5,7.7,2.4,173.4,20.9,11.4,36.3,23.3,74.3,30.3,53.1,28.7,23.2,366.1,169.8,219.9
2022 Apr,307,38.9,225.5,40.3,51.6,6.9,2.3,173.9,22.2,11.9,34.4,22,85.6,28.6,49.6,27.8,24.9,364.5,148.9,215.8
2022 May,301.5,43.2,215.7,42.6,55.7,7.3,2,187.6,24.3,11,36.8,26,90.1,33.1,53.4,31.7,25,373.1,172.2,208.7
2022 Jun,288.7,43.2,215.5,42.9,45.5,6.6,1.6,171.9,24.5,10.2,37.5,22.8,87.1,35.5,49.8,30.3,23.9,375.7,177.8,195.9
2022 Jul,304,39.3,227.2,38.8,45.8,5.4,1.6,163,27.9,10.7,38.9,21.2,89,30.1,55.1,30.8,23.7,399.8,178.6,208.1
2022 Aug,323.7,39,224,39.3,49.6,4.8,1.6,168.1,26.2,11,38.9,22.5,84.6,32.6,58.9,31,22.1,418.8,184.3,224.1
2022 Sep,323.9,39.2,223.8,36.5,51.7,5.2,1.7,167.6,25.5,10.9,37.5,22.5,86.7,30.7,59.9,29.9,22.7,419,170.4,241.6
2022 Oct,323.7,41.8,222.7,44.4,52.6,5.4,2,180.5,25.8,12.9,38.3,23.3,96.6,30.4,57.1,27.7,23.7,430,188.1,262.1
2022 Nov,342.8,44,234,49.7,54.7,5.2,2,191.3,27.5,12.3,41.9,22.6,106.6,36.7,63.8,30,29.9,437.6,213.6,257.2